1, 1, 4356, 500, 1906, 1000, 950, 0, 0
1, 2, 4374, 450, 1930, 994, 1000, 0, 0
1, 3, 4152, 500, 1949, 923, 780, 0, 0
1, 4, 4650, 500, 1827, 986, 975, 362, 0
2, 1, 5386, 993, 2000, 972, 991, 430, 0
2, 2, 4857, 781, 1555, 935, 900, 500, 186
2, 3, 4570, 983, 1967, 748, 872, 0, 0
2, 4, 4706, 450, 1930, 786, 917, 495, 128
3, 1, 4465, 500, 1979, 638, 979, 369, 0
3, 2, 4129, 496, 1793, 867, 973, 0, 0
3, 3, 5092, 700, 2000, 856, 843, 490, 203
3, 4, 4382, 768, 2000, 692, 922, 0, 0
4, 1, 4759, 500, 2000, 873, 1000, 386, 0
4, 2, 4392, 503, 1911, 1000, 959, 19, 0
4, 3, 4189, 538, 1998, 875, 778, 0, 0
4, 4, 5479, 902, 1962, 923, 970, 722, 0
5, 1, 4212, 736, 2000, 516, 942, 18, 0
5, 2, 4613, 750, 1998, 775, 1000, 90, 0
5, 3, 4574, 986, 1993, 642, 895, 58, 0
5, 4, 4289, 464, 2000, 532, 941, 352, 0
6, 1, 4230, 500, 2000, 826, 904, 0, 0
6, 2, 4455, 500, 2000, 955, 1000, 0, 0
6, 3, 4539, 994, 1650, 993, 902, 0, 0
6, 4, 4792, 901, 1999, 925, 913, 54, 0
7, 1, 4416, 500, 1931, 993, 992, 0, 0
7, 2, 4491, 473, 1957, 887, 992, 182, 0
7, 3, 4581, 767, 1787, 957, 970, 100, 0
7, 4, 4212, 900, 1599, 832, 881, 0, 0
8, 1, 4478, 936, 1870, 677, 995, 0, 0
8, 2, 4778, 937, 1975, 898, 968, 0, 0
8, 3, 4565, 750, 2000, 815, 1000, 0, 0
8, 4, 4643, 910, 1845, 899, 989, 0, 0
9, 1, 4174, 500, 2000, 730, 944, 0, 0
9, 2, 4700, 991, 1608, 866, 961, 274, 0
9, 3, 4076, 520, 1389, 742, 984, 441, 0
9, 4, 4803, 975, 1362, 929, 1000, 537, 0
10, 1, 4760, 500, 1931, 898, 825, 606, 0
10, 2, 4435, 496, 2000, 977, 962, 0, 0
10, 3, 4584, 731, 1431, 929, 872, 621, 0
10, 4, 4891, 950, 2000, 941, 1000, 0, 0
11, 1, 4363, 500, 2000, 899, 964, 0, 0
11, 2, 4150, 500, 2000, 695, 955, 0, 0
11, 3, 4079, 912, 1432, 919, 779, 37, 0
11, 4, 5041, 950, 1382, 984, 1000, 725, 0
12, 1, 4694, 928, 2000, 766, 1000, 0, 0
12, 2, 4364, 738, 2000, 687, 939, 0, 0
12, 3, 5083, 758, 1870, 869, 1000, 455, 131
12, 4, 4709, 527, 2000, 860, 985, 337, 0
13, 1, 4433, 500, 1997, 1000, 936, 0, 0
13, 2, 4523, 941, 1904, 779, 851, 48, 0
13, 3, 4982, 955, 1930, 716, 838, 543, 0
13, 4, 4808, 700, 1877, 839, 971, 421, 0
14, 1, 4109, 494, 1871, 965, 779, 0, 0
14, 2, 4769, 770, 2000, 1000, 999, 0, 0
14, 3, 4656, 733, 1998, 846, 986, 93, 0
14, 4, 4242, 780, 1801, 747, 914, 0, 0
15, 1, 4154, 500, 1744, 858, 994, 58, 0
15, 2, 4149, 518, 2000, 740, 891, 0, 0
15, 3, 4644, 732, 1972, 875, 975, 90, 0
15, 4, 4569, 950, 1486, 1000, 929, 56, 148
16, 1, 4775, 1000, 2000, 917, 858, 0, 0
16, 2, 4912, 500, 2000, 870, 967, 575, 0
16, 3, 4892, 737, 1950, 533, 1000, 672, 0
16, 4, 4535, 500, 1983, 930, 918, 204, 0
17, 1, 5130, 500, 1999, 1000, 952, 679, 0
17, 2, 4306, 500, 1945, 862, 999, 0, 0
17, 3, 4810, 950, 1504, 779, 942, 635, 0
17, 4, 4232, 950, 1355, 865, 913, 0, 149
18, 1, 5018, 500, 2000, 1000, 941, 577, 0
18, 2, 4301, 485, 1817, 982, 947, 70, 0
18, 3, 4178, 958, 1642, 679, 899, 0, 0
18, 4, 4428, 967, 1411, 646, 847, 557, 0
19, 1, 5194, 750, 1969, 970, 964, 187, 354
19, 2, 4113, 473, 1534, 967, 920, 69, 150
19, 3, 4262, 450, 2000, 802, 997, 13, 0
19, 4, 5258, 932, 1988, 918, 950, 155, 315
20, 1, 4324, 500, 1982, 906, 936, 0, 0
20, 2, 4062, 722, 1477, 1000, 863, 0, 0
20, 3, 4114, 943, 1283, 918, 970, 0, 0
20, 4, 4367, 950, 1683, 444, 980, 310, 0
21, 1, 4515, 500, 2000, 1000, 994, 21, 0
21, 2, 4468, 493, 2000, 975, 1000, 0, 0
21, 3, 4513, 979, 1997, 607, 903, 27, 0
21, 4, 5294, 750, 2000, 946, 965, 633, 0
22, 1, 4389, 500, 2000, 962, 927, 0, 0
22, 2, 4326, 535, 1847, 987, 957, 0, 0
22, 3, 4488, 728, 2000, 940, 820, 0, 0
22, 4, 4226, 750, 2000, 671, 805, 0, 0
23, 1, 4532, 927, 1709, 873, 923, 100, 0
23, 2, 4219, 541, 1702, 993, 924, 59, 0
23, 3, 4640, 791, 1879, 1000, 952, 18, 0
23, 4, 4664, 952, 1861, 828, 974, 49, 0
24, 1, 4399, 500, 2000, 899, 1000, 0, 0
24, 2, 4719, 939, 2000, 852, 904, 24, 0
24, 3, 4941, 450, 1886, 934, 907, 764, 0
24, 4, 4315, 200, 1642, 984, 938, 551, 0
25, 1, 4461, 500, 1947, 955, 991, 68, 0
25, 2, 4608, 765, 1932, 923, 900, 88, 0
25, 3, 4019, 520, 1836, 236, 992, 435, 0
25, 4, 5269, 941, 1938, 899, 1000, 491, 0
26, 1, 5066, 500, 1761, 984, 958, 688, 175
26, 2, 4702, 789, 1961, 841, 972, 139, 0
26, 3, 4151, 488, 1686, 980, 997, 0, 0
26, 4, 4605, 900, 2000, 787, 918, 0, 0
27, 1, 4959, 1500, 1586, 762, 975, 0, 136
27, 2, 5277, 1537, 1209, 904, 1000, 627, 0
27, 3, 5201, 1514, 1304, 859, 1000, 524, 0
27, 4, 5292, 1777, 1525, 849, 924, 0, 217
28, 1, 5597, 1450, 1999, 896, 927, 100, 225
28, 2, 5956, 1713, 1910, 920, 972, 220, 221
28, 3, 5063, 1486, 1800, 868, 909, 0, 0
28, 4, 5439, 1278, 1935, 796, 858, 450, 122
29, 1, 4404, 500, 2000, 927, 977, 0, 0
29, 2, 4538, 550, 2000, 988, 1000, 0, 0
29, 3, 4807, 925, 1894, 971, 1000, 17, 0
29, 4, 4121, 908, 1116, 957, 1000, 140, 0
30, 1, 4655, 915, 1791, 979, 970, 0, 0
30, 2, 4254, 500, 1978, 776, 1000, 0, 0
30, 3, 4243, 719, 1334, 950, 997, 0, 243
30, 4, 4636, 1000, 1361, 862, 1000, 413, 0
31, 1, 4352, 500, 2000, 932, 920, 0, 0
31, 2, 4296, 473, 2000, 826, 997, 0, 0
31, 3, 4088, 978, 1612, 741, 757, 0, 0
31, 4, 4800, 952, 2000, 980, 836, 32, 0
32, 1, 4285, 758, 1573, 1000, 954, 0, 0
32, 2, 4432, 537, 1897, 998, 1000, 0, 0
32, 3, 4002, 764, 1446, 952, 840, 0, 0
32, 4, 4226, 961, 1458, 883, 924, 0, 0
33, 1, 4588, 500, 1911, 945, 977, 18, 237
33, 2, 4210, 474, 1833, 986, 874, 43, 0
33, 3, 4452, 450, 1995, 968, 998, 41, 0
33, 4, 5038, 993, 1742, 972, 884, 44, 403
34, 1, 4714, 984, 1902, 999, 811, 18, 0
34, 2, 4670, 963, 1803, 866, 984, 54, 0
34, 3, 4156, 993, 1726, 429, 986, 22, 0
34, 4, 4831, 996, 1988, 961, 886, 0, 0
35, 1, 4079, 500, 1450, 944, 1000, 0, 185
35, 2, 4182, 470, 1618, 983, 968, 0, 143
35, 3, 4090, 950, 1326, 827, 987, 0, 0
35, 4, 4765, 916, 2000, 914, 935, 0, 0
36, 1, 4184, 500, 1776, 956, 926, 26, 0
36, 2, 4541, 752, 1853, 963, 948, 25, 0
36, 3, 4752, 1000, 1765, 987, 1000, 0, 0
36, 4, 4266, 927, 1548, 633, 1000, 158, 0
37, 1, 4163, 500, 1871, 823, 969, 0, 0
37, 2, 4225, 950, 1555, 834, 872, 14, 0
37, 3, 4168, 969, 1260, 945, 970, 24, 0
37, 4, 4281, 970, 1049, 873, 896, 493, 0
38, 1, 4159, 500, 1618, 1000, 991, 50, 0
38, 2, 4423, 964, 1650, 979, 776, 54, 0
38, 3, 4763, 944, 1534, 880, 915, 490, 0
38, 4, 4377, 928, 1051, 953, 994, 451, 0
39, 1, 4881, 957, 2000, 963, 961, 0, 0
39, 2, 4729, 925, 1788, 920, 891, 48, 157
39, 3, 4895, 952, 1801, 786, 952, 25, 379
39, 4, 4953, 918, 1997, 1000, 1000, 38, 0
40, 1, 4026, 500, 1885, 858, 783, 0, 0
40, 2, 4119, 500, 1778, 860, 981, 0, 0
40, 3, 4569, 900, 2000, 779, 890, 0, 0
40, 4, 4002, 961, 1243, 803, 995, 0, 0
41, 1, 4385, 500, 2000, 924, 961, 0, 0
41, 2, 4463, 751, 1999, 713, 1000, 0, 0
41, 3, 4167, 946, 1691, 768, 762, 0, 0
41, 4, 4745, 991, 1947, 822, 985, 0, 0
42, 1, 4389, 500, 1999, 959, 931, 0, 0
42, 2, 4066, 547, 1584, 940, 995, 0, 0
42, 3, 4575, 738, 1384, 819, 988, 646, 0
42, 4, 4910, 950, 1357, 831, 984, 630, 158
43, 1, 4497, 700, 1799, 431, 954, 613, 0
43, 2, 4158, 984, 1689, 555, 930, 0, 0
43, 3, 4531, 750, 1989, 912, 880, 0, 0
43, 4, 5063, 950, 1689, 766, 946, 712, 0
44, 1, 4586, 500, 1803, 823, 950, 17, 493
44, 2, 4133, 497, 1888, 703, 1000, 45, 0
44, 3, 4137, 500, 1448, 841, 865, 19, 464
44, 4, 4109, 750, 1418, 756, 1000, 185, 0
45, 1, 4263, 500, 1971, 825, 967, 0, 0
45, 2, 4032, 450, 1749, 931, 902, 0, 0
45, 3, 4409, 739, 1814, 1000, 856, 0, 0
45, 4, 5051, 958, 2000, 846, 943, 304, 0
46, 1, 4741, 450, 2000, 1000, 868, 34, 389
46, 2, 4075, 470, 1969, 181, 909, 546, 0
46, 3, 4566, 700, 1878, 811, 915, 262, 0
46, 4, 5169, 500, 1866, 836, 967, 699, 301
47, 1, 5023, 792, 1929, 921, 986, 51, 344
47, 2, 4416, 500, 2000, 967, 949, 0, 0
47, 3, 5299, 761, 2000, 950, 992, 596, 0
47, 4, 4390, 500, 1507, 940, 947, 496, 0
48, 1, 4432, 500, 1906, 833, 866, 35, 292
48, 2, 5050, 979, 1857, 912, 964, 0, 338
48, 3, 4272, 757, 1601, 930, 963, 21, 0
48, 4, 5240, 500, 1997, 987, 1000, 756, 0
49, 1, 4600, 500, 2000, 961, 994, 0, 145
49, 2, 4541, 963, 1850, 660, 988, 80, 0
49, 3, 4600, 750, 2000, 638, 841, 68, 303
49, 4, 5047, 910, 1979, 971, 1000, 30, 157
50, 1, 4508, 500, 1999, 989, 933, 87, 0
50, 2, 4509, 934, 1584, 974, 975, 42, 0
50, 3, 4484, 950, 1733, 850, 856, 95, 0
50, 4, 5155, 957, 1242, 889, 1000, 800, 267
51, 1, 4147, 500, 1829, 910, 908, 0, 0
51, 2, 4219, 988, 1972, 274, 956, 29, 0
51, 3, 4060, 950, 1493, 877, 740, 0, 0
51, 4, 4695, 730, 1678, 759, 962, 223, 343
52, 1, 4350, 500, 1332, 971, 942, 29, 576
52, 2, 4238, 495, 1893, 877, 973, 0, 0
52, 3, 4402, 482, 1710, 917, 968, 49, 276
52, 4, 5119, 931, 1929, 698, 848, 342, 371
53, 1, 4751, 500, 1657, 945, 939, 127, 583
53, 2, 4428, 542, 1946, 940, 1000, 0, 0
53, 3, 4426, 990, 1452, 420, 959, 605, 0
53, 4, 5080, 933, 1764, 822, 792, 769, 0
54, 1, 4452, 500, 1991, 992, 969, 0, 0
54, 2, 4710, 766, 2000, 944, 1000, 0, 0
54, 3, 4700, 750, 1853, 791, 924, 382, 0
54, 4, 4987, 750, 1813, 955, 913, 556, 0
55, 1, 4283, 500, 2000, 783, 1000, 0, 0
55, 2, 4753, 920, 1967, 904, 926, 36, 0
55, 3, 5124, 914, 1737, 941, 969, 563, 0
55, 4, 5151, 800, 1884, 916, 939, 403, 209
56, 1, 4740, 500, 2000, 856, 872, 512, 0
56, 2, 4393, 457, 1987, 925, 1000, 24, 0
56, 3, 4748, 931, 1755, 747, 974, 341, 0
56, 4, 4964, 934, 1938, 619, 1000, 473, 0
57, 1, 4417, 500, 1999, 910, 994, 14, 0
57, 2, 4408, 500, 2000, 880, 1000, 28, 0
57, 3, 4577, 985, 1757, 906, 929, 0, 0
57, 4, 4734, 918, 1841, 833, 898, 86, 158
58, 1, 4005, 500, 1675, 870, 931, 29, 0
58, 2, 4441, 509, 1982, 975, 947, 28, 0
58, 3, 4152, 500, 1657, 955, 981, 59, 0
58, 4, 4836, 950, 1509, 884, 1000, 493, 0
59, 1, 4378, 500, 1988, 840, 1000, 50, 0
59, 2, 4527, 938, 1884, 839, 813, 53, 0
59, 3, 5266, 750, 2000, 937, 981, 598, 0
59, 4, 5402, 960, 1986, 860, 996, 600, 0
60, 1, 5507, 1450, 2000, 958, 959, 140, 0
60, 2, 5590, 1920, 1758, 1000, 912, 0, 0
60, 3, 5831, 1950, 2000, 908, 973, 0, 0
60, 4, 5798, 1952, 1872, 933, 967, 74, 0
61, 1, 5011, 951, 2000, 871, 994, 0, 195
61, 2, 4378, 537, 1985, 998, 858, 0, 0
61, 3, 4535, 942, 1842, 922, 799, 30, 0
61, 4, 4909, 750, 2000, 913, 848, 211, 187
62, 1, 4671, 800, 2000, 888, 983, 0, 0
62, 2, 4713, 744, 1999, 970, 1000, 0, 0
62, 3, 4272, 500, 1263, 913, 986, 610, 0
62, 4, 4746, 966, 1313, 926, 999, 428, 114
63, 1, 4483, 500, 2000, 954, 974, 55, 0
63, 2, 4623, 450, 2000, 932, 982, 45, 214
63, 3, 5201, 784, 1999, 961, 952, 505, 0
63, 4, 4759, 929, 1948, 910, 972, 0, 0
64, 1, 4421, 500, 1998, 923, 1000, 0, 0
64, 2, 4689, 762, 2000, 953, 974, 0, 0
64, 3, 4517, 985, 1611, 935, 986, 0, 0
64, 4, 4449, 500, 1995, 954, 1000, 0, 0
65, 1, 4467, 500, 2000, 846, 958, 39, 124
65, 2, 4854, 779, 1986, 939, 940, 0, 210
65, 3, 5142, 941, 1972, 924, 971, 334, 0
65, 4, 5262, 952, 1796, 922, 995, 373, 224
66, 1, 4799, 500, 1999, 928, 965, 182, 225
66, 2, 4777, 755, 1987, 848, 887, 81, 219
66, 3, 4799, 982, 1998, 842, 977, 0, 0
66, 4, 5770, 996, 1783, 846, 962, 961, 222
67, 1, 4248, 487, 1687, 854, 915, 22, 283
67, 2, 4812, 450, 1605, 982, 896, 602, 277
67, 3, 5022, 996, 1844, 996, 896, 20, 270
67, 4, 5644, 918, 1961, 990, 975, 514, 286
68, 1, 4186, 500, 1799, 996, 891, 0, 0
68, 2, 4345, 548, 1833, 956, 945, 63, 0
68, 3, 4961, 500, 2000, 963, 921, 577, 0
68, 4, 4689, 986, 1535, 874, 977, 317, 0
69, 1, 4675, 924, 1905, 809, 980, 57, 0
69, 2, 4087, 500, 1808, 779, 969, 31, 0
69, 3, 4757, 926, 2000, 894, 909, 28, 0
69, 4, 4022, 950, 1355, 699, 997, 21, 0
70, 1, 5101, 950, 2000, 958, 1000, 44, 149
70, 2, 5468, 796, 1987, 907, 981, 647, 150
70, 3, 5779, 943, 1999, 993, 994, 700, 150
70, 4, 5124, 950, 2000, 972, 983, 219, 0
71, 1, 4425, 500, 1926, 969, 969, 61, 0
71, 2, 4194, 542, 1662, 960, 984, 46, 0
71, 3, 4852, 970, 2000, 981, 901, 0, 0
71, 4, 5159, 926, 1695, 991, 965, 582, 0
72, 1, 4044, 500, 1824, 852, 868, 0, 0
72, 2, 4139, 515, 1690, 973, 961, 0, 0
72, 3, 4156, 490, 1775, 891, 1000, 0, 0
72, 4, 4070, 933, 1670, 616, 851, 0, 0
73, 1, 4549, 500, 1992, 880, 930, 33, 214
73, 2, 4935, 750, 1995, 954, 958, 77, 201
73, 3, 4941, 976, 1935, 1000, 936, 94, 0
73, 4, 4928, 723, 1658, 680, 989, 653, 225
74, 1, 4335, 500, 1991, 869, 975, 0, 0
74, 2, 4453, 722, 1923, 848, 919, 41, 0
74, 3, 4768, 779, 1944, 848, 978, 219, 0
74, 4, 4566, 450, 1673, 771, 937, 585, 150
75, 1, 4183, 500, 1838, 875, 970, 0, 0
75, 2, 4159, 750, 1493, 927, 989, 0, 0
75, 3, 4424, 737, 1701, 1000, 986, 0, 0
75, 4, 4443, 937, 1999, 564, 943, 0, 0
76, 1, 4307, 500, 1874, 962, 971, 0, 0
76, 2, 4558, 750, 2000, 819, 989, 0, 0
76, 3, 4763, 923, 2000, 887, 953, 0, 0
76, 4, 5225, 936, 1799, 900, 996, 594, 0
77, 1, 4740, 750, 2000, 976, 996, 18, 0
77, 2, 4393, 550, 1987, 912, 944, 0, 0
77, 3, 4910, 950, 1992, 945, 1000, 23, 0
77, 4, 4846, 968, 1904, 974, 1000, 0, 0
78, 1, 5328, 1450, 1946, 932, 1000, 0, 0
78, 2, 5973, 1985, 1992, 996, 1000, 0, 0
78, 3, 5434, 1750, 1998, 747, 928, 11, 0
78, 4, 6161, 1500, 1795, 970, 996, 900, 0
79, 1, 5211, 1500, 1968, 972, 771, 0, 0
79, 2, 4986, 1973, 1215, 845, 953, 0, 0
79, 3, 4584, 1950, 1278, 399, 957, 0, 0
79, 4, 5892, 1953, 2000, 897, 984, 58, 0
80, 1, 4490, 500, 1920, 1000, 966, 104, 0
80, 2, 4389, 450, 2000, 981, 958, 0, 0
80, 3, 4074, 450, 2000, 828, 796, 0, 0
80, 4, 5246, 971, 2000, 884, 885, 393, 113
81, 1, 4245, 500, 1767, 897, 931, 0, 150
81, 2, 4763, 967, 1996, 872, 811, 0, 117
81, 3, 4736, 959, 1991, 648, 938, 50, 150
81, 4, 4862, 500, 1746, 879, 990, 632, 115
82, 1, 4301, 500, 1896, 942, 963, 0, 0
82, 2, 4614, 746, 2000, 868, 1000, 0, 0
82, 3, 4273, 991, 1494, 820, 945, 23, 0
82, 4, 4208, 976, 1257, 772, 991, 212, 0
83, 1, 4450, 506, 1947, 1000, 997, 0, 0
83, 2, 4324, 512, 2000, 871, 941, 0, 0
83, 3, 4581, 500, 1727, 1000, 995, 359, 0
83, 4, 4106, 450, 1999, 624, 1000, 33, 0
84, 1, 4039, 500, 1652, 965, 922, 0, 0
84, 2, 4582, 750, 1949, 924, 911, 48, 0
84, 3, 4234, 500, 2000, 734, 1000, 0, 0
84, 4, 4620, 993, 1669, 430, 923, 380, 225
85, 1, 4503, 500, 2000, 848, 955, 50, 150
85, 2, 4785, 921, 1791, 963, 932, 27, 151
85, 3, 4778, 920, 1410, 902, 818, 508, 220
85, 4, 4379, 757, 1742, 857, 860, 51, 112
86, 1, 4464, 720, 2000, 710, 1000, 34, 0
86, 2, 4346, 538, 2000, 893, 915, 0, 0
86, 3, 4409, 777, 1560, 932, 985, 155, 0
86, 4, 4790, 700, 2000, 1000, 1000, 90, 0
87, 1, 4391, 500, 1914, 977, 1000, 0, 0
87, 2, 4159, 500, 2000, 710, 949, 0, 0
87, 3, 4682, 755, 2000, 1000, 927, 0, 0
87, 4, 4147, 766, 1780, 596, 798, 207, 0
88, 1, 4171, 913, 1420, 808, 973, 57, 0
88, 2, 4261, 916, 1399, 953, 966, 27, 0
88, 3, 4067, 500, 1770, 816, 960, 21, 0
88, 4, 4224, 797, 1141, 921, 956, 409, 0
89, 1, 4533, 950, 1628, 955, 1000, 0, 0
89, 2, 4285, 750, 1763, 772, 1000, 0, 0
89, 3, 4215, 474, 2000, 780, 961, 0, 0
89, 4, 4940, 969, 2000, 983, 988, 0, 0
90, 1, 4254, 921, 1695, 842, 777, 19, 0
90, 2, 4587, 944, 1791, 927, 925, 0, 0
90, 3, 4753, 925, 1856, 942, 997, 33, 0
90, 4, 4999, 985, 1773, 964, 898, 379, 0
91, 1, 4307, 500, 1997, 959, 851, 0, 0
91, 2, 4035, 500, 1707, 803, 1000, 25, 0
91, 3, 4428, 500, 1953, 1000, 964, 11, 0
91, 4, 4517, 962, 1488, 741, 958, 368, 0
92, 1, 4278, 500, 1963, 971, 844, 0, 0
92, 2, 4510, 966, 1743, 828, 973, 0, 0
92, 3, 4812, 500, 1954, 771, 1000, 587, 0
92, 4, 4227, 950, 1411, 887, 979, 0, 0
93, 1, 4028, 500, 1602, 803, 1000, 123, 0
93, 2, 4009, 495, 1624, 918, 972, 0, 0
93, 3, 4399, 948, 1530, 1000, 921, 0, 0
93, 4, 4046, 921, 1170, 955, 1000, 0, 0
94, 1, 4160, 931, 1392, 944, 871, 22, 0
94, 2, 4100, 992, 1277, 907, 924, 0, 0
94, 3, 4006, 793, 1279, 914, 978, 42, 0
94, 4, 4533, 950, 1789, 874, 920, 0, 0
95, 1, 4817, 918, 2000, 982, 891, 26, 0
95, 2, 4576, 991, 1606, 953, 840, 0, 186
95, 3, 4048, 908, 1235, 897, 989, 19, 0
95, 4, 4673, 950, 1972, 874, 877, 0, 0
96, 1, 4236, 500, 1995, 760, 981, 0, 0
96, 2, 4230, 500, 1869, 857, 931, 73, 0
96, 3, 4042, 450, 1624, 925, 996, 47, 0
96, 4, 4311, 922, 1864, 537, 962, 26, 0
97, 1, 4222, 500, 1769, 1000, 953, 0, 0
97, 2, 4235, 500, 1924, 831, 980, 0, 0
97, 3, 4103, 959, 1314, 815, 992, 23, 0
97, 4, 4513, 789, 2000, 772, 934, 18, 0
98, 1, 4528, 450, 1920, 996, 937, 0, 225
98, 2, 4480, 978, 1694, 977, 831, 0, 0
98, 3, 4540, 500, 2000, 765, 994, 160, 121
98, 4, 4436, 450, 1560, 939, 863, 624, 0
99, 1, 4153, 500, 2000, 708, 945, 0, 0
99, 2, 4031, 450, 2000, 642, 939, 0, 0
99, 3, 4272, 500, 1615, 974, 892, 291, 0
99, 4, 4427, 950, 1765, 701, 847, 16, 148
100, 1, 4343, 500, 2000, 893, 950, 0, 0
100, 2, 4264, 450, 2000, 865, 949, 0, 0
100, 3, 4766, 951, 2000, 860, 955, 0, 0
100, 4, 4068, 950, 1213, 857, 969, 79, 0
101, 1, 4550, 500, 2000, 840, 957, 74, 179
101, 2, 4812, 973, 1948, 912, 979, 0, 0
101, 3, 4584, 718, 1977, 965, 924, 0, 0
101, 4, 5118, 700, 2000, 841, 861, 525, 191
102, 1, 4098, 500, 1594, 980, 1000, 24, 0
102, 2, 4189, 956, 1590, 693, 950, 0, 0
102, 3, 4918, 750, 1811, 891, 922, 430, 114
102, 4, 4138, 922, 1852, 125, 1000, 239, 0
103, 1, 4160, 450, 2000, 752, 928, 30, 0
103, 2, 4464, 500, 2000, 1000, 934, 30, 0
103, 3, 4796, 785, 2000, 998, 981, 32, 0
103, 4, 5065, 972, 1931, 746, 1000, 416, 0
104, 1, 4826, 931, 2000, 889, 951, 55, 0
104, 2, 4113, 468, 1992, 811, 816, 26, 0
104, 3, 4533, 752, 1951, 850, 980, 0, 0
104, 4, 4674, 999, 1764, 928, 833, 0, 150
105, 1, 4131, 542, 1994, 583, 970, 42, 0
105, 2, 4174, 953, 1958, 403, 822, 38, 0
105, 3, 4387, 952, 1518, 489, 917, 511, 0
105, 4, 4318, 700, 1200, 953, 966, 499, 0
106, 1, 4365, 500, 2000, 907, 958, 0, 0
106, 2, 4354, 500, 1960, 927, 967, 0, 0
106, 3, 4731, 929, 1998, 848, 956, 0, 0
106, 4, 4384, 775, 2000, 651, 958, 0, 0
107, 1, 5022, 1500, 1762, 787, 945, 28, 0
107, 2, 4841, 1523, 1408, 935, 948, 27, 0
107, 3, 5098, 1784, 1311, 995, 942, 66, 0
107, 4, 5175, 1943, 1270, 971, 968, 23, 0
108, 1, 4391, 500, 1922, 775, 984, 52, 158
108, 2, 4178, 499, 1835, 923, 921, 0, 0
108, 3, 4201, 500, 1284, 885, 893, 639, 0
108, 4, 4135, 932, 593, 896, 989, 511, 214
109, 1, 4616, 933, 1877, 809, 978, 19, 0
109, 2, 4222, 514, 1833, 831, 969, 75, 0
109, 3, 4175, 500, 1999, 761, 915, 0, 0
109, 4, 4409, 950, 1807, 767, 844, 41, 0
110, 1, 4449, 500, 2000, 973, 976, 0, 0
110, 2, 4520, 545, 2000, 950, 993, 32, 0
110, 3, 4485, 956, 1991, 538, 1000, 0, 0
110, 4, 4574, 918, 1989, 639, 848, 20, 160
111, 1, 4231, 500, 2000, 814, 917, 0, 0
111, 2, 4417, 500, 2000, 917, 970, 30, 0
111, 3, 4625, 786, 1934, 969, 936, 0, 0
111, 4, 4656, 908, 1983, 858, 891, 16, 0
112, 1, 4306, 500, 1954, 922, 930, 0, 0
112, 2, 4338, 926, 1614, 934, 864, 0, 0
112, 3, 4034, 981, 1301, 734, 986, 32, 0
112, 4, 4375, 972, 1370, 830, 996, 76, 131
113, 1, 4227, 941, 2000, 323, 940, 23, 0
113, 2, 4061, 941, 1534, 670, 916, 0, 0
113, 3, 4725, 764, 2000, 967, 994, 0, 0
113, 4, 4166, 974, 1463, 711, 981, 37, 0
114, 1, 4383, 725, 1725, 959, 974, 0, 0
114, 2, 4033, 703, 1361, 986, 983, 0, 0
114, 3, 4039, 911, 1499, 887, 742, 0, 0
114, 4, 4250, 910, 1756, 393, 822, 369, 0
115, 1, 4299, 500, 1897, 860, 898, 0, 144
115, 2, 4268, 544, 1949, 838, 937, 0, 0
115, 3, 4567, 789, 2000, 802, 976, 0, 0
115, 4, 4176, 450, 1471, 685, 978, 461, 131
116, 1, 4436, 500, 2000, 936, 1000, 0, 0
116, 2, 4098, 500, 1726, 875, 949, 48, 0
116, 3, 4059, 200, 1855, 955, 1000, 49, 0
116, 4, 4196, 950, 445, 950, 998, 485, 368
117, 1, 4222, 500, 2000, 805, 917, 0, 0
117, 2, 4360, 456, 1965, 948, 991, 0, 0
117, 3, 4362, 950, 1454, 1000, 935, 23, 0
117, 4, 4066, 991, 842, 738, 989, 506, 0
118, 1, 4154, 500, 1996, 756, 902, 0, 0
118, 2, 4207, 500, 1959, 779, 969, 0, 0
118, 3, 4498, 925, 1899, 874, 800, 0, 0
118, 4, 4565, 950, 1932, 797, 886, 0, 0
119, 1, 4618, 526, 1956, 935, 979, 222, 0
119, 2, 4364, 941, 1508, 976, 939, 0, 0
119, 3, 4191, 200, 1689, 751, 941, 610, 0
119, 4, 4648, 750, 1648, 748, 951, 551, 0
120, 1, 4137, 500, 2000, 735, 902, 0, 0
120, 2, 4944, 950, 2000, 994, 1000, 0, 0
120, 3, 4297, 750, 1450, 718, 964, 415, 0
120, 4, 4620, 921, 1728, 987, 964, 20, 0
121, 1, 5245, 1781, 1950, 341, 916, 34, 223
121, 2, 5426, 1500, 1928, 986, 966, 46, 0
121, 3, 5079, 1200, 1884, 995, 982, 18, 0
121, 4, 4959, 1459, 2000, 526, 974, 0, 0
122, 1, 5072, 1500, 1990, 690, 892, 0, 0
122, 2, 5396, 1747, 1732, 919, 978, 20, 0
122, 3, 4281, 1472, 1257, 735, 817, 0, 0
122, 4, 5696, 1950, 1941, 844, 961, 0, 0
123, 1, 4195, 703, 2000, 666, 804, 22, 0
123, 2, 4784, 975, 1991, 830, 965, 23, 0
123, 3, 4676, 750, 2000, 941, 985, 0, 0
123, 4, 4410, 998, 1706, 721, 958, 27, 0
124, 1, 4002, 755, 1357, 871, 969, 50, 0
124, 2, 4698, 943, 2000, 757, 975, 23, 0
124, 3, 4367, 500, 1881, 993, 993, 0, 0
124, 4, 4414, 950, 1759, 859, 817, 29, 0
125, 1, 4736, 800, 1988, 789, 980, 26, 153
125, 2, 4043, 500, 1558, 968, 955, 62, 0
125, 3, 4255, 489, 1581, 912, 874, 399, 0
125, 4, 4663, 912, 1972, 829, 950, 0, 0
126, 1, 4199, 500, 1755, 1000, 944, 0, 0
126, 2, 5004, 992, 1999, 922, 1000, 91, 0
126, 3, 4434, 911, 1652, 821, 983, 67, 0
126, 4, 4337, 764, 1980, 596, 997, 0, 0
127, 1, 4384, 500, 1969, 978, 937, 0, 0
127, 2, 4108, 471, 1941, 751, 945, 0, 0
127, 3, 4385, 470, 1999, 925, 991, 0, 0
127, 4, 4477, 779, 1930, 805, 934, 29, 0
128, 1, 4472, 500, 1981, 1000, 991, 0, 0
128, 2, 4683, 786, 2000, 897, 1000, 0, 0
128, 3, 4880, 975, 1906, 1000, 999, 0, 0
128, 4, 4428, 700, 1761, 698, 967, 302, 0
129, 1, 4370, 500, 1970, 963, 937, 0, 0
129, 2, 4343, 955, 1804, 736, 848, 0, 0
129, 3, 4600, 750, 2000, 859, 991, 0, 0
129, 4, 4136, 527, 2000, 835, 774, 0, 0
130, 1, 4682, 950, 2000, 769, 963, 0, 0
130, 2, 5094, 784, 2000, 927, 949, 0, 434
130, 3, 4010, 450, 1257, 734, 932, 637, 0
130, 4, 4014, 950, 432, 1000, 958, 674, 0
131, 1, 4373, 500, 2000, 970, 823, 80, 0
131, 2, 4401, 752, 1724, 925, 1000, 0, 0
131, 3, 4216, 903, 1421, 876, 962, 54, 0
131, 4, 4524, 724, 1349, 893, 1000, 558, 0
132, 1, 4262, 500, 1981, 853, 928, 0, 0
132, 2, 4169, 500, 2000, 787, 882, 0, 0
132, 3, 4778, 1000, 2000, 840, 938, 0, 0
132, 4, 4753, 982, 1973, 893, 905, 0, 0
133, 1, 4453, 500, 2000, 988, 965, 0, 0
133, 2, 4746, 787, 1943, 943, 822, 26, 225
133, 3, 4772, 750, 1985, 956, 886, 0, 195
133, 4, 4640, 965, 2000, 830, 798, 47, 0
134, 1, 4479, 500, 1982, 1000, 997, 0, 0
134, 2, 4424, 736, 1858, 877, 933, 20, 0
134, 3, 4595, 760, 2000, 922, 913, 0, 0
134, 4, 4701, 957, 1956, 789, 999, 0, 0
135, 1, 4504, 768, 2000, 708, 1000, 28, 0
135, 2, 4282, 450, 2000, 898, 900, 34, 0
135, 3, 4253, 931, 1737, 797, 719, 69, 0
135, 4, 4636, 750, 1786, 777, 989, 334, 0
136, 1, 4211, 500, 1998, 754, 959, 0, 0
136, 2, 4600, 762, 1991, 995, 852, 0, 0
136, 3, 4891, 783, 1813, 970, 965, 360, 0
136, 4, 5132, 713, 2000, 937, 967, 515, 0
137, 1, 4290, 500, 2000, 984, 806, 0, 0
137, 2, 4099, 548, 1852, 826, 873, 0, 0
137, 3, 4238, 731, 1955, 771, 732, 49, 0
137, 4, 4000, 703, 1265, 728, 890, 414, 0
138, 1, 4408, 500, 2000, 968, 940, 0, 0
138, 2, 4665, 962, 1918, 802, 926, 57, 0
138, 3, 4051, 200, 1954, 1000, 897, 0, 0
138, 4, 5490, 950, 2000, 879, 990, 671, 0
139, 1, 5001, 500, 1999, 1000, 994, 508, 0
139, 2, 4783, 546, 1754, 987, 1000, 496, 0
139, 3, 4151, 500, 1997, 660, 994, 0, 0
139, 4, 4260, 979, 1480, 929, 857, 15, 0
140, 1, 5304, 926, 1850, 914, 931, 683, 0
140, 2, 4455, 500, 2000, 968, 987, 0, 0
140, 3, 4625, 923, 2000, 742, 960, 0, 0
140, 4, 4388, 981, 1678, 655, 947, 0, 127
141, 1, 4241, 500, 1878, 926, 857, 80, 0
141, 2, 5073, 912, 2000, 938, 942, 281, 0
141, 3, 5119, 958, 1718, 904, 998, 541, 0
141, 4, 4501, 928, 2000, 615, 917, 41, 0
142, 1, 4057, 500, 2000, 814, 743, 0, 0
142, 2, 4255, 450, 2000, 849, 924, 32, 0
142, 3, 4389, 793, 2000, 627, 969, 0, 0
142, 4, 4398, 935, 1962, 756, 745, 0, 0
143, 1, 4417, 500, 2000, 980, 937, 0, 0
143, 2, 4177, 450, 1743, 988, 996, 0, 0
143, 3, 4131, 500, 1990, 773, 868, 0, 0
143, 4, 4755, 987, 1810, 854, 840, 264, 0
144, 1, 4546, 500, 1990, 880, 965, 21, 190
144, 2, 4682, 740, 1826, 939, 1000, 40, 137
144, 3, 4402, 719, 1879, 836, 936, 32, 0
144, 4, 4208, 962, 2000, 488, 758, 0, 0
145, 1, 4401, 500, 1986, 915, 982, 18, 0
145, 2, 4263, 500, 2000, 828, 935, 0, 0
145, 3, 5030, 750, 1917, 930, 981, 452, 0
145, 4, 4140, 950, 1259, 931, 1000, 0, 0
146, 1, 4353, 500, 1928, 989, 896, 40, 0
146, 2, 4351, 543, 1831, 1000, 977, 0, 0
146, 3, 4728, 943, 2000, 938, 834, 13, 0
146, 4, 4646, 966, 1707, 975, 998, 0, 0
147, 1, 4416, 937, 1493, 655, 986, 81, 264
147, 2, 4617, 739, 1649, 848, 923, 183, 275
147, 3, 4090, 944, 1381, 765, 1000, 0, 0
147, 4, 4051, 750, 1958, 533, 810, 0, 0
148, 1, 4312, 500, 2000, 985, 827, 0, 0
148, 2, 4355, 454, 2000, 960, 941, 0, 0
148, 3, 4494, 451, 2000, 867, 991, 35, 150
148, 4, 4157, 931, 903, 757, 982, 413, 171
149, 1, 4035, 500, 1440, 957, 999, 19, 120
149, 2, 4233, 529, 1480, 941, 879, 154, 250
149, 3, 4924, 944, 2000, 790, 994, 54, 142
149, 4, 5137, 935, 2000, 936, 865, 90, 311
150, 1, 4158, 485, 1815, 858, 1000, 0, 0
150, 2, 4614, 992, 1970, 845, 807, 0, 0
150, 3, 4265, 500, 1933, 899, 734, 199, 0
150, 4, 4662, 501, 1762, 873, 972, 554, 0
151, 1, 4151, 500, 2000, 734, 899, 18, 0
151, 2, 4643, 936, 1999, 766, 942, 0, 0
151, 3, 4821, 941, 1999, 910, 933, 38, 0
151, 4, 4358, 729, 1850, 957, 822, 0, 0
152, 1, 4896, 500, 1915, 994, 943, 180, 364
152, 2, 4778, 487, 2000, 870, 922, 121, 378
152, 3, 4782, 950, 1999, 1000, 833, 0, 0
152, 4, 4958, 967, 1690, 854, 974, 127, 346
153, 1, 5020, 1200, 1583, 955, 832, 318, 132
153, 2, 4868, 1200, 1876, 813, 979, 0, 0
153, 3, 5165, 1982, 1321, 799, 1000, 63, 0
153, 4, 5828, 1982, 1545, 920, 905, 345, 131
154, 1, 5057, 1500, 1870, 833, 854, 0, 0
154, 2, 5300, 1450, 2000, 940, 910, 0, 0
154, 3, 5506, 1960, 1848, 622, 967, 109, 0
154, 4, 6381, 1928, 1954, 764, 1000, 510, 225
155, 1, 4382, 500, 2000, 988, 894, 0, 0
155, 2, 4296, 500, 1992, 810, 994, 0, 0
155, 3, 4095, 751, 1605, 879, 860, 0, 0
155, 4, 4089, 988, 833, 892, 985, 391, 0
156, 1, 4192, 909, 1281, 980, 991, 31, 0
156, 2, 4394, 945, 1580, 910, 959, 0, 0
156, 3, 4096, 974, 1228, 898, 996, 0, 0
156, 4, 4243, 937, 1239, 861, 871, 335, 0
157, 1, 4296, 500, 1987, 871, 925, 13, 0
157, 2, 4307, 712, 2000, 735, 860, 0, 0
157, 3, 6231, 990, 1940, 973, 984, 746, 598
157, 4, 4693, 946, 2000, 903, 844, 0, 0
158, 1, 4294, 500, 2000, 815, 947, 32, 0
158, 2, 4805, 922, 2000, 921, 962, 0, 0
158, 3, 4565, 779, 1992, 868, 926, 0, 0
158, 4, 4028, 980, 939, 861, 990, 0, 258
159, 1, 4206, 500, 1851, 907, 948, 0, 0
159, 2, 4544, 793, 2000, 783, 968, 0, 0
159, 3, 4826, 950, 1999, 749, 994, 0, 134
159, 4, 4461, 920, 1594, 507, 945, 495, 0
160, 1, 4600, 500, 1990, 1000, 988, 0, 122
160, 2, 4277, 549, 1996, 781, 951, 0, 0
160, 3, 4117, 500, 1914, 502, 913, 288, 0
160, 4, 4161, 907, 1864, 426, 964, 0, 0
161, 1, 4298, 500, 2000, 885, 913, 0, 0
161, 2, 4313, 515, 2000, 861, 937, 0, 0
161, 3, 4093, 963, 1206, 904, 989, 31, 0
161, 4, 4164, 950, 1582, 719, 913, 0, 0
162, 1, 4384, 978, 1404, 732, 860, 410, 0
162, 2, 4535, 479, 2000, 1000, 1000, 56, 0
162, 3, 4970, 777, 1936, 950, 946, 361, 0
162, 4, 4463, 705, 1744, 709, 996, 309, 0
163, 1, 4286, 500, 1878, 957, 951, 0, 0
163, 2, 4276, 500, 1937, 915, 924, 0, 0
163, 3, 4635, 750, 2000, 913, 972, 0, 0
163, 4, 4735, 955, 1809, 1000, 950, 21, 0
164, 1, 4068, 450, 1742, 877, 999, 0, 0
164, 2, 4147, 500, 1958, 762, 927, 0, 0
164, 3, 4331, 922, 1756, 801, 834, 18, 0
164, 4, 4557, 956, 1998, 676, 927, 0, 0
165, 1, 4321, 500, 1990, 927, 884, 20, 0
165, 2, 4462, 750, 1867, 911, 934, 0, 0
165, 3, 4054, 200, 1953, 928, 955, 18, 0
165, 4, 4774, 979, 1999, 798, 998, 0, 0
166, 1, 4374, 500, 2000, 924, 950, 0, 0
166, 2, 4642, 749, 1988, 1000, 905, 0, 0
166, 3, 4824, 958, 2000, 914, 952, 0, 0
166, 4, 4692, 971, 1233, 874, 1000, 614, 0
167, 1, 4292, 500, 1985, 816, 991, 0, 0
167, 2, 4748, 932, 1989, 882, 945, 0, 0
167, 3, 4686, 950, 1996, 736, 949, 55, 0
167, 4, 4803, 950, 1863, 1000, 990, 0, 0
168, 1, 4375, 500, 1906, 926, 996, 47, 0
168, 2, 4635, 744, 1960, 961, 970, 0, 0
168, 3, 4765, 935, 2000, 787, 1000, 43, 0
168, 4, 5123, 789, 1731, 889, 974, 740, 0
169, 1, 4463, 500, 1999, 860, 973, 19, 112
169, 2, 4569, 970, 1573, 976, 1000, 50, 0
169, 3, 4257, 759, 1753, 772, 973, 0, 0
169, 4, 4220, 751, 1558, 811, 950, 0, 150
170, 1, 4449, 450, 1999, 1000, 1000, 0, 0
170, 2, 4431, 543, 2000, 877, 1000, 11, 0
170, 3, 4283, 790, 1857, 667, 941, 28, 0
170, 4, 4787, 955, 1980, 834, 997, 21, 0
171, 1, 4369, 500, 1988, 912, 969, 0, 0
171, 2, 4889, 953, 2000, 944, 943, 49, 0
171, 3, 4243, 796, 1776, 887, 784, 0, 0
171, 4, 4276, 971, 1517, 838, 950, 0, 0
172, 1, 4461, 500, 1992, 979, 990, 0, 0
172, 2, 4417, 518, 1999, 853, 978, 69, 0
172, 3, 4394, 450, 1983, 1000, 961, 0, 0
172, 4, 4933, 905, 2000, 891, 1000, 0, 137
173, 1, 4916, 984, 2000, 993, 915, 24, 0
173, 2, 4827, 965, 1938, 982, 942, 0, 0
173, 3, 4617, 900, 1999, 746, 972, 0, 0
173, 4, 4612, 996, 1995, 512, 965, 0, 144
174, 1, 4908, 996, 1994, 614, 915, 19, 370
174, 2, 5035, 936, 1987, 985, 958, 43, 126
174, 3, 4428, 948, 1526, 688, 958, 22, 286
174, 4, 4869, 963, 1968, 958, 980, 0, 0
175, 1, 4520, 947, 1715, 822, 1000, 36, 0
175, 2, 4364, 500, 1926, 907, 1000, 31, 0
175, 3, 4733, 965, 1819, 932, 979, 38, 0
175, 4, 4043, 700, 1203, 736, 933, 471, 0
176, 1, 4720, 500, 2000, 994, 999, 0, 227
176, 2, 5011, 743, 2000, 996, 943, 28, 301
176, 3, 4755, 966, 1978, 962, 849, 0, 0
176, 4, 4742, 985, 1313, 837, 989, 618, 0
177, 1, 4549, 500, 2000, 929, 1000, 0, 120
177, 2, 4375, 519, 1898, 969, 989, 0, 0
177, 3, 5391, 780, 2000, 991, 1000, 395, 225
177, 4, 5168, 778, 2000, 845, 953, 378, 214
178, 1, 4304, 500, 2000, 856, 948, 0, 0
178, 2, 4480, 511, 1956, 1000, 980, 33, 0
178, 3, 4307, 500, 1694, 857, 959, 297, 0
178, 4, 5486, 963, 2000, 972, 997, 428, 126
179, 1, 4298, 500, 2000, 874, 924, 0, 0
179, 2, 4455, 797, 2000, 858, 800, 0, 0
179, 3, 4189, 799, 1597, 792, 958, 43, 0
179, 4, 4011, 998, 1363, 665, 985, 0, 0
180, 1, 4630, 500, 2000, 910, 883, 57, 280
180, 2, 4261, 524, 1844, 900, 939, 54, 0
180, 3, 4587, 750, 1824, 655, 919, 439, 0
180, 4, 4183, 200, 1849, 994, 973, 20, 147
181, 1, 4557, 200, 2000, 833, 956, 568, 0
181, 2, 4611, 950, 2000, 695, 966, 0, 0
181, 3, 4431, 711, 1969, 822, 929, 0, 0
181, 4, 5383, 984, 2000, 757, 935, 707, 0
182, 1, 5426, 1500, 1982, 979, 965, 0, 0
182, 2, 5768, 1969, 1883, 876, 943, 97, 0
182, 3, 4856, 1750, 1365, 549, 971, 72, 149
182, 4, 5798, 1995, 1506, 665, 978, 54, 600
183, 1, 4468, 518, 2000, 819, 1000, 0, 131
183, 2, 4474, 737, 2000, 751, 986, 0, 0
183, 3, 4477, 500, 2000, 977, 1000, 0, 0
183, 4, 4413, 784, 1999, 867, 763, 0, 0
184, 1, 4467, 985, 1580, 784, 1000, 118, 0
184, 2, 4057, 542, 1565, 856, 984, 110, 0
184, 3, 4462, 749, 2000, 758, 955, 0, 0
184, 4, 4016, 950, 1449, 620, 997, 0, 0
185, 1, 4094, 500, 1961, 712, 921, 0, 0
185, 2, 4361, 955, 1505, 892, 982, 27, 0
185, 3, 5041, 985, 1658, 925, 865, 608, 0
185, 4, 5056, 987, 2000, 786, 959, 324, 0
186, 1, 4034, 779, 1408, 822, 1000, 25, 0
186, 2, 4020, 525, 1594, 921, 980, 0, 0
186, 3, 4146, 987, 1840, 319, 1000, 0, 0
186, 4, 4208, 704, 1541, 864, 979, 0, 120
187, 1, 4640, 750, 1992, 929, 969, 0, 0
187, 2, 4529, 713, 1999, 849, 968, 0, 0
187, 3, 4701, 903, 1906, 927, 965, 0, 0
187, 4, 4724, 970, 1974, 780, 1000, 0, 0
188, 1, 4373, 500, 2000, 935, 923, 15, 0
188, 2, 4333, 993, 1420, 894, 1000, 26, 0
188, 3, 4303, 946, 1621, 861, 875, 0, 0
188, 4, 4143, 766, 1470, 911, 960, 36, 0
189, 1, 4246, 500, 1631, 980, 1000, 0, 135
189, 2, 4136, 529, 1700, 919, 988, 0, 0
189, 3, 4464, 722, 1418, 892, 968, 464, 0
189, 4, 4514, 961, 1767, 569, 903, 39, 275
190, 1, 4812, 943, 1942, 948, 979, 0, 0
190, 2, 4568, 750, 2000, 901, 917, 0, 0
190, 3, 4361, 493, 2000, 908, 960, 0, 0
190, 4, 4042, 981, 1328, 761, 972, 0, 0
191, 1, 4072, 500, 2000, 606, 966, 0, 0
191, 2, 4384, 524, 1942, 948, 970, 0, 0
191, 3, 4483, 730, 1281, 928, 1000, 544, 0
191, 4, 5040, 955, 2000, 908, 986, 0, 191
192, 1, 4471, 500, 2000, 971, 1000, 0, 0
192, 2, 5624, 951, 1929, 918, 1000, 676, 150
192, 3, 4805, 750, 1269, 862, 997, 703, 224
192, 4, 5880, 950, 2000, 996, 1000, 715, 219
193, 1, 4331, 500, 1983, 937, 911, 0, 0
193, 2, 4403, 700, 1993, 809, 901, 0, 0
193, 3, 4419, 947, 1959, 589, 899, 25, 0
193, 4, 4594, 978, 2000, 667, 949, 0, 0
194, 1, 4401, 937, 1671, 955, 819, 19, 0
194, 2, 4214, 500, 2000, 782, 932, 0, 0
194, 3, 4631, 711, 2000, 962, 958, 0, 0
194, 4, 4841, 929, 1999, 987, 899, 27, 0
195, 1, 4254, 450, 1862, 926, 940, 76, 0
195, 2, 4205, 725, 1661, 819, 1000, 0, 0
195, 3, 4559, 762, 2000, 823, 961, 13, 0
195, 4, 4750, 975, 1960, 815, 1000, 0, 0
196, 1, 4582, 745, 1973, 865, 972, 27, 0
196, 2, 4594, 476, 1983, 785, 1000, 171, 179
196, 3, 4838, 740, 1988, 929, 997, 43, 141
196, 4, 5161, 936, 2000, 906, 931, 388, 0
197, 1, 4442, 500, 1949, 995, 979, 19, 0
197, 2, 4709, 955, 1966, 800, 988, 0, 0
197, 3, 4458, 800, 2000, 687, 971, 0, 0
197, 4, 4785, 945, 1957, 874, 989, 20, 0
198, 1, 4437, 939, 1769, 777, 952, 0, 0
198, 2, 4421, 547, 1915, 986, 933, 40, 0
198, 3, 4432, 945, 1575, 970, 942, 0, 0
198, 4, 4475, 784, 1878, 813, 1000, 0, 0
199, 1, 5369, 1500, 2000, 985, 884, 0, 0
199, 2, 5015, 1543, 1911, 616, 945, 0, 0
199, 3, 5803, 1945, 1931, 933, 994, 0, 0
199, 4, 5902, 1962, 1869, 938, 988, 0, 145
200, 1, 5359, 1450, 1999, 968, 942, 0, 0
200, 2, 5303, 1500, 1859, 877, 983, 84, 0
200, 3, 5810, 1933, 1928, 928, 987, 34, 0
200, 4, 5874, 1989, 2000, 937, 948, 0, 0
201, 1, 4483, 500, 1972, 933, 960, 0, 118
201, 2, 4479, 750, 2000, 621, 957, 37, 114
201, 3, 4751, 956, 1984, 973, 838, 0, 0
201, 4, 4882, 988, 2000, 867, 963, 64, 0
202, 1, 4751, 500, 1911, 776, 979, 470, 115
202, 2, 4566, 906, 1896, 794, 970, 0, 0
202, 3, 4674, 909, 2000, 906, 859, 0, 0
202, 4, 4471, 1000, 1758, 691, 978, 44, 0
203, 1, 4704, 990, 1729, 985, 1000, 0, 0
203, 2, 4647, 785, 1883, 901, 957, 121, 0
203, 3, 4310, 975, 1542, 836, 799, 158, 0
203, 4, 4460, 974, 1693, 713, 968, 0, 112
204, 1, 4012, 500, 1804, 725, 983, 0, 0
204, 2, 4709, 945, 1866, 890, 978, 30, 0
204, 3, 4634, 900, 1965, 757, 985, 27, 0
204, 4, 4586, 450, 1998, 723, 929, 486, 0
205, 1, 4553, 750, 2000, 803, 1000, 0, 0
205, 2, 4504, 461, 1895, 768, 938, 442, 0
205, 3, 4944, 954, 1720, 807, 1000, 463, 0
205, 4, 4521, 955, 1965, 746, 855, 0, 0
206, 1, 4652, 763, 1929, 960, 1000, 0, 0
206, 2, 4479, 977, 1800, 742, 960, 0, 0
206, 3, 4574, 923, 1871, 783, 981, 16, 0
206, 4, 4749, 994, 1987, 788, 980, 0, 0
207, 1, 4418, 500, 2000, 999, 919, 0, 0
207, 2, 4081, 473, 1820, 842, 946, 0, 0
207, 3, 4263, 704, 1888, 856, 815, 0, 0
207, 4, 4632, 922, 1714, 856, 1000, 20, 120
208, 1, 4325, 500, 1960, 927, 938, 0, 0
208, 2, 4404, 500, 1995, 1000, 909, 0, 0
208, 3, 4954, 964, 1996, 1000, 994, 0, 0
208, 4, 4421, 978, 1635, 808, 1000, 0, 0
209, 1, 4458, 757, 1695, 894, 1000, 0, 112
209, 2, 4338, 902, 1669, 814, 841, 0, 112
209, 3, 4197, 926, 1796, 479, 996, 0, 0
209, 4, 4235, 500, 2000, 791, 944, 0, 0
210, 1, 4849, 500, 2000, 966, 940, 284, 159
210, 2, 4272, 482, 1998, 837, 955, 0, 0
210, 3, 4975, 702, 1882, 931, 964, 311, 185
210, 4, 5038, 950, 1618, 753, 972, 582, 163
211, 1, 4335, 500, 1994, 952, 889, 0, 0
211, 2, 4280, 495, 1976, 913, 896, 0, 0
211, 3, 4019, 511, 1545, 972, 991, 0, 0
211, 4, 4478, 1000, 1606, 961, 911, 0, 0
212, 1, 4288, 950, 1304, 979, 1000, 55, 0
212, 2, 4039, 504, 1808, 744, 983, 0, 0
212, 3, 4554, 1000, 1979, 747, 828, 0, 0
212, 4, 4801, 931, 1834, 628, 908, 500, 0
213, 1, 5226, 1500, 1846, 928, 832, 0, 120
213, 2, 5035, 1741, 1407, 802, 958, 0, 127
213, 3, 4645, 1200, 1289, 998, 939, 53, 166
213, 4, 4727, 1920, 1329, 653, 825, 0, 0
214, 1, 5223, 1500, 1741, 931, 922, 0, 129
214, 2, 5507, 1500, 2000, 1000, 955, 52, 0
214, 3, 5509, 1741, 2000, 825, 925, 18, 0
214, 4, 6500, 1950, 1999, 966, 983, 469, 133
